{
  "annotations": {
    "list": [
      {
        "builtIn": 1,
        "datasource": "-- Grafana --",
        "enable": true,
        "hide": true,
        "iconColor": "rgba(0, 211, 255, 1)",
        "name": "Annotations & Alerts",
        "type": "dashboard"
      }
    ]
  },
  "description": "",
  "editable": true,
  "gnetId": 10049,
  "graphTooltip": 0,
  "id": 2,
  "iteration": 1588691342677,
  "links": [],
  "panels": [
    {
      "collapsed": false,
      "datasource": null,
      "gridPos": {
        "h": 1,
        "w": 24,
        "x": 0,
        "y": 0
      },
      "id": 24,
      "panels": [],
      "title": "Tweets Harvester Monitor",
      "type": "row"
    },
    {
      "cacheTimeout": null,
      "datasource": null,
      "gridPos": {
        "h": 3,
        "w": 12,
        "x": 0,
        "y": 1
      },
      "id": 36,
      "links": [],
      "options": {
        "displayMode": "lcd",
        "fieldOptions": {
          "calcs": [
            "lastNotNull"
          ],
          "defaults": {
            "decimals": 1,
            "mappings": [
              {
                "id": 0,
                "op": "=",
                "text": "N/A",
                "type": 1,
                "value": "null"
              }
            ],
            "max": 100,
            "min": 0,
            "nullValueMode": "connected",
            "thresholds": {
              "mode": "absolute",
              "steps": [
                {
                  "color": "green",
                  "value": null
                },
                {
                  "color": "red",
                  "value": 100
                }
              ]
            },
            "title": "How many we achieve to collect 1 million tweets?",
            "unit": "percent"
          },
          "overrides": [],
          "values": false
        },
        "orientation": "horizontal",
        "showUnfilled": true
      },
      "pluginVersion": "6.7.3",
      "targets": [
        {
          "expr": "couchdb_database_doc_count{db_name=\"tweets_using_tweepy_for_australia\"}/10000",
          "interval": "",
          "legendFormat": "",
          "refId": "A"
        }
      ],
      "timeFrom": null,
      "timeShift": null,
      "title": "",
      "transparent": true,
      "type": "bargauge"
    },
    {
      "cacheTimeout": null,
      "colorBackground": false,
      "colorPostfix": false,
      "colorPrefix": false,
      "colorValue": true,
      "colors": [
        "#299c46",
        "rgba(237, 129, 40, 0.89)",
        "#d44a3a"
      ],
      "datasource": null,
      "decimals": 1,
      "description": "",
      "format": "days",
      "gauge": {
        "maxValue": 100,
        "minValue": 0,
        "show": false,
        "thresholdLabels": false,
        "thresholdMarkers": true
      },
      "gridPos": {
        "h": 3,
        "w": 12,
        "x": 12,
        "y": 1
      },
      "id": 41,
      "interval": null,
      "links": [],
      "mappingType": 1,
      "mappingTypes": [
        {
          "name": "value to text",
          "value": 1
        },
        {
          "name": "range to text",
          "value": 2
        }
      ],
      "maxDataPoints": 100,
      "nullPointMode": "connected",
      "nullText": null,
      "pluginVersion": "6.7.3",
      "postfix": "  (Based on past 24 hrs)",
      "postfixFontSize": "50%",
      "prefix": "Collect 1 million tweets in",
      "prefixFontSize": "50%",
      "rangeMaps": [
        {
          "from": "null",
          "text": "N/A",
          "to": "null"
        }
      ],
      "sparkline": {
        "fillColor": "rgba(31, 118, 189, 0.18)",
        "full": false,
        "lineColor": "rgb(31, 120, 193)",
        "show": false,
        "ymax": null,
        "ymin": null
      },
      "tableColumn": "",
      "targets": [
        {
          "expr": "(1000000-couchdb_database_doc_count{db_name=\"tweets_using_tweepy_for_australia\"})/increase(couchdb_database_doc_count{db_name=\"tweets_using_tweepy_for_australia\"}[1d])",
          "interval": "",
          "legendFormat": "",
          "refId": "A"
        }
      ],
      "thresholds": "3,7",
      "timeFrom": null,
      "timeShift": null,
      "title": "",
      "transparent": true,
      "type": "singlestat",
      "valueFontSize": "150%",
      "valueMaps": [
        {
          "op": "=",
          "text": "N/A",
          "value": "null"
        }
      ],
      "valueName": "current"
    },
    {
      "datasource": null,
      "gridPos": {
        "h": 6,
        "w": 4,
        "x": 0,
        "y": 4
      },
      "id": 28,
      "options": {
        "fieldOptions": {
          "calcs": [
            "mean"
          ],
          "defaults": {
            "mappings": [],
            "max": 3,
            "min": 0,
            "thresholds": {
              "mode": "absolute",
              "steps": [
                {
                  "color": "green",
                  "value": null
                },
                {
                  "color": "red",
                  "value": 4
                }
              ]
            },
            "title": "Cluster Node Count",
            "unit": "Node"
          },
          "overrides": [],
          "values": false
        },
        "orientation": "auto",
        "showThresholdLabels": false,
        "showThresholdMarkers": true
      },
      "pluginVersion": "6.7.3",
      "targets": [
        {
          "expr": "count(couchdb_httpd_node_up)",
          "interval": "",
          "legendFormat": "",
          "refId": "A"
        }
      ],
      "timeFrom": null,
      "timeShift": null,
      "title": "",
      "type": "gauge"
    },
    {
      "datasource": null,
      "gridPos": {
        "h": 6,
        "w": 8,
        "x": 4,
        "y": 4
      },
      "id": 20,
      "options": {
        "colorMode": "value",
        "fieldOptions": {
          "calcs": [
            "lastNotNull"
          ],
          "defaults": {
            "mappings": [],
            "thresholds": {
              "mode": "absolute",
              "steps": [
                {
                  "color": "green",
                  "value": null
                },
                {
                  "color": "red",
                  "value": 1000000
                }
              ]
            },
            "title": "Tweets Count (All)",
            "unit": "Tweets"
          },
          "overrides": [],
          "values": false
        },
        "graphMode": "area",
        "justifyMode": "auto",
        "orientation": "auto"
      },
      "pluginVersion": "6.7.3",
      "targets": [
        {
          "expr": "couchdb_database_doc_count{db_name=\"tweets_using_tweepy_for_australia\"}",
          "interval": "",
          "legendFormat": "",
          "refId": "A"
        }
      ],
      "timeFrom": null,
      "timeShift": null,
      "title": "",
      "type": "stat"
    },
    {
      "cacheTimeout": null,
      "datasource": null,
      "description": "Harvester Rate (per second)",
      "gridPos": {
        "h": 6,
        "w": 8,
        "x": 12,
        "y": 4
      },
      "id": 26,
      "links": [],
      "options": {
        "colorMode": "value",
        "fieldOptions": {
          "calcs": [
            "lastNotNull"
          ],
          "defaults": {
            "mappings": [],
            "thresholds": {
              "mode": "absolute",
              "steps": [
                {
                  "color": "green",
                  "value": null
                },
                {
                  "color": "red",
                  "value": 80
                }
              ]
            },
            "title": "Harvester Rate",
            "unit": "Tweets/s"
          },
          "overrides": [],
          "values": false
        },
        "graphMode": "area",
        "justifyMode": "auto",
        "orientation": "auto"
      },
      "pluginVersion": "6.7.3",
      "targets": [
        {
          "expr": "rate(couchdb_database_doc_count{db_name=\"tweets_using_tweepy_for_australia\"}[1m])",
          "interval": "",
          "legendFormat": "",
          "refId": "A"
        }
      ],
      "timeFrom": null,
      "timeShift": null,
      "title": "",
      "type": "stat"
    },
    {
      "cacheTimeout": null,
      "colorBackground": false,
      "colorPostfix": true,
      "colorPrefix": false,
      "colorValue": true,
      "colors": [
        "#73BF69",
        "rgba(237, 129, 40, 0.89)",
        "#FF9830"
      ],
      "datasource": null,
      "decimals": null,
      "description": "Harvester Rate (per day)",
      "format": "Tweets/day",
      "gauge": {
        "maxValue": 100,
        "minValue": 0,
        "show": false,
        "thresholdLabels": false,
        "thresholdMarkers": true
      },
      "gridPos": {
        "h": 6,
        "w": 4,
        "x": 20,
        "y": 4
      },
      "id": 34,
      "interval": null,
      "links": [],
      "mappingType": 1,
      "mappingTypes": [
        {
          "name": "value to text",
          "value": 1
        },
        {
          "name": "range to text",
          "value": 2
        }
      ],
      "maxDataPoints": 100,
      "nullPointMode": "connected",
      "nullText": null,
      "pluginVersion": "6.7.3",
      "postfix": "",
      "postfixFontSize": "50%",
      "prefix": "",
      "prefixFontSize": "50%",
      "rangeMaps": [
        {
          "from": "null",
          "text": "N/A",
          "to": "null"
        }
      ],
      "sparkline": {
        "fillColor": "rgba(31, 118, 189, 0.18)",
        "full": false,
        "lineColor": "rgb(31, 120, 193)",
        "show": true,
        "ymax": null,
        "ymin": null
      },
      "tableColumn": "",
      "targets": [
        {
          "expr": "increase(couchdb_database_doc_count{db_name=\"tweets_using_tweepy_for_australia\"}[1d])",
          "interval": "",
          "legendFormat": "",
          "refId": "A"
        }
      ],
      "thresholds": "",
      "timeFrom": "1d",
      "timeShift": null,
      "title": "",
      "type": "singlestat",
      "valueFontSize": "100%",
      "valueMaps": [
        {
          "op": "=",
          "text": "N/A",
          "value": "null"
        }
      ],
      "valueName": "current"
    },
    {
      "datasource": null,
      "gridPos": {
        "h": 6,
        "w": 4,
        "x": 0,
        "y": 10
      },
      "id": 40,
      "options": {
        "fieldOptions": {
          "calcs": [
            "lastNotNull"
          ],
          "defaults": {
            "mappings": [],
            "max": 5,
            "min": 0,
            "thresholds": {
              "mode": "absolute",
              "steps": [
                {
                  "color": "green",
                  "value": null
                }
              ]
            },
            "title": "Twitter API Count",
            "unit": "API"
          },
          "overrides": [],
          "values": false
        },
        "orientation": "auto",
        "showThresholdLabels": false,
        "showThresholdMarkers": true
      },
      "pluginVersion": "6.7.3",
      "targets": [
        {
          "expr": "$api_num",
          "interval": "",
          "legendFormat": "",
          "refId": "A"
        }
      ],
      "timeFrom": null,
      "timeShift": null,
      "title": "",
      "type": "gauge"
    },
    {
      "cacheTimeout": null,
      "datasource": null,
      "description": "",
      "gridPos": {
        "h": 6,
        "w": 10,
        "x": 4,
        "y": 10
      },
      "hideTimeOverride": false,
      "id": 30,
      "interval": "",
      "links": [],
      "options": {
        "fieldOptions": {
          "calcs": [
            "lastNotNull"
          ],
          "defaults": {
            "mappings": [
              {
                "id": 0,
                "op": "=",
                "text": "N/A",
                "type": 1,
                "value": "null"
              }
            ],
            "nullValueMode": "connected",
            "thresholds": {
              "mode": "absolute",
              "steps": [
                {
                  "color": "green",
                  "value": null
                },
                {
                  "color": "#EAB839",
                  "value": 180
                },
                {
                  "color": "red",
                  "value": 200
                }
              ]
            },
            "title": "Avg. API access per 15 mins per API (Must be <= 180)",
            "unit": "none"
          },
          "overrides": [],
          "values": false
        },
        "orientation": "horizontal",
        "showThresholdLabels": false,
        "showThresholdMarkers": true
      },
      "pluginVersion": "6.7.3",
      "targets": [
        {
          "expr": "increase(couchdb_database_doc_count{db_name=\"tweets_using_tweepy_for_australia\"}[15m])/$api_num",
          "interval": "",
          "legendFormat": "",
          "refId": "A"
        }
      ],
      "timeFrom": "15m",
      "timeShift": null,
      "title": "",
      "type": "gauge"
    },
    {
      "datasource": null,
      "gridPos": {
        "h": 6,
        "w": 10,
        "x": 14,
        "y": 10
      },
      "id": 32,
      "options": {
        "fieldOptions": {
          "calcs": [
            "lastNotNull"
          ],
          "defaults": {
            "mappings": [],
            "thresholds": {
              "mode": "absolute",
              "steps": [
                {
                  "color": "green",
                  "value": null
                },
                {
                  "color": "#EAB839",
                  "value": 12
                },
                {
                  "color": "red",
                  "value": 20
                }
              ]
            },
            "title": "Avg. API access per min per API (Must be <= 12)"
          },
          "overrides": [],
          "values": false
        },
        "orientation": "auto",
        "showThresholdLabels": false,
        "showThresholdMarkers": true
      },
      "pluginVersion": "6.7.3",
      "targets": [
        {
          "expr": "increase(couchdb_database_doc_count{db_name=\"tweets_using_tweepy_for_australia\"}[1m])/$api_num",
          "interval": "",
          "legendFormat": "",
          "refId": "A"
        }
      ],
      "timeFrom": "60s",
      "timeShift": null,
      "title": "",
      "type": "gauge"
    },
    {
      "cacheTimeout": null,
      "colorBackground": false,
      "colorPostfix": false,
      "colorPrefix": false,
      "colorValue": false,
      "colors": [
        "#d44a3a",
        "rgba(237, 129, 40, 0.89)",
        "#299c46"
      ],
      "datasource": null,
      "decimals": 1,
      "description": "",
      "format": "days",
      "gauge": {
        "maxValue": 100,
        "minValue": 0,
        "show": false,
        "thresholdLabels": false,
        "thresholdMarkers": true
      },
      "gridPos": {
        "h": 2,
        "w": 24,
        "x": 0,
        "y": 16
      },
      "id": 38,
      "interval": null,
      "links": [],
      "mappingType": 1,
      "mappingTypes": [
        {
          "name": "value to text",
          "value": 1
        },
        {
          "name": "range to text",
          "value": 2
        }
      ],
      "maxDataPoints": 100,
      "nullPointMode": "connected",
      "nullText": null,
      "pluginVersion": "6.7.3",
      "postfix": "      to collect 1 million tweets",
      "postfixFontSize": "70%",
      "prefix": "According to the rate of past 30 mins, we need",
      "prefixFontSize": "70%",
      "rangeMaps": [
        {
          "from": "null",
          "text": "N/A",
          "to": "null"
        }
      ],
      "sparkline": {
        "fillColor": "rgba(31, 118, 189, 0.18)",
        "full": false,
        "lineColor": "rgb(31, 120, 193)",
        "show": false,
        "ymax": null,
        "ymin": null
      },
      "tableColumn": "",
      "targets": [
        {
          "expr": "(1000000-couchdb_database_doc_count{db_name=\"tweets_using_tweepy_for_australia\"})/(increase(couchdb_database_doc_count{db_name=\"tweets_using_tweepy_for_australia\"}[30m]))/48",
          "instant": true,
          "interval": "",
          "legendFormat": "",
          "refId": "A"
        }
      ],
      "thresholds": "3,7",
      "timeFrom": null,
      "timeShift": null,
      "title": "",
      "transparent": true,
      "type": "singlestat",
      "valueFontSize": "150%",
      "valueMaps": [
        {
          "op": "=",
          "text": "N/A",
          "value": "null"
        }
      ],
      "valueName": "current"
    }
  ],
  "refresh": "5s",
  "schemaVersion": 22,
  "style": "dark",
  "tags": [],
  "templating": {
    "list": [
      {
        "current": {
          "selected": false,
          "text": "5",
          "value": "5"
        },
        "hide": 2,
        "label": null,
        "name": "api_num",
        "options": [
          {
            "selected": true,
            "text": "5",
            "value": "5"
          }
        ],
        "query": "5",
        "skipUrlSync": false,
        "type": "constant"
      }
    ]
  },
  "time": {
    "from": "now-1h",
    "to": "now"
  },
  "timepicker": {
    "refresh_intervals": [
      "5s",
      "10s",
      "30s",
      "1m",
      "5m",
      "15m",
      "30m",
      "1h",
      "2h",
      "1d"
    ],
    "time_options": [
      "5m",
      "15m",
      "1h",
      "6h",
      "12h",
      "24h",
      "2d",
      "7d",
      "30d"
    ]
  },
  "timezone": "",
  "title": "Twitter Harvester Monitor",
  "uid": "S8rTdLRZe",
  "variables": {
    "list": []
  },
  "version": 61
}